<?xml version="1.0" encoding="UTF-8"?>
<addon id="plugin.video.example"  version="1.0.0" name="First_One" provider-name="Max">
	<requires>
 		 <import addon="xbmc.python" version="2.14.0"/>
	</requires>
	<extension point="xbmc.python.pluginsource" library="main.py"> 
 		<provides>video</provides>
	</extension>
	<extension point="xbmc.addon.metadata">
	  <summary lang="en">First Max' add-on</summary>
	  	<description lang="en">Add-on for test</description>
	  <disclaimer lang="en">to be determined</disclaimer>
	</extension>
</addon>